<?xml version="1.0" encoding="UTF-8"?>
<project-private xmlns="http://www.netbeans.org/ns/project-private/1">
    <editor-bookmarks xmlns="http://www.netbeans.org/ns/editor-bookmarks/2" lastBookmarkId="0"/>
    <open-files xmlns="http://www.netbeans.org/ns/projectui-open-files/2">
        <group>
            <file>file:/C:/Users/mesa8/OneDrive/Documentos/NetBeansProjects/jogl2-obj-loader/src/edu/itver/graf/objLoader/Object3d.java</file>
            <file>file:/C:/Users/mesa8/OneDrive/Documentos/NetBeansProjects/jogl2-obj-loader/src/edu/itver/graf/objLoader/MtlReader.java</file>
            <file>file:/C:/Users/mesa8/OneDrive/Documentos/NetBeansProjects/jogl2-obj-loader/src/edu/itver/graf/objLoader/ObjReader.java</file>
            <file>file:/C:/Users/mesa8/OneDrive/Documentos/NetBeansProjects/jogl2-obj-loader/src/edu/itver/graf/objLoader/Corner.java</file>
            <file>file:/C:/Users/mesa8/OneDrive/Documentos/NetBeansProjects/jogl2-obj-loader/src/edu/itver/graf/objLoader/Material.java</file>
            <file>file:/C:/Users/mesa8/OneDrive/Documentos/NetBeansProjects/jogl2-obj-loader/src/edu/itver/graf/objLoader/test/MyCanvas.java</file>
            <file>file:/C:/Users/mesa8/OneDrive/Documentos/NetBeansProjects/jogl2-obj-loader/src/edu/itver/graf/objLoader/test/Jogl2ObjLoader.java</file>
            <file>file:/C:/Users/mesa8/OneDrive/Documentos/NetBeansProjects/jogl2-obj-loader/src/edu/itver/graf/objLoader/Face.java</file>
            <file>file:/C:/Users/mesa8/OneDrive/Documentos/NetBeansProjects/jogl2-obj-loader/src/edu/itver/graf/objLoader/Line.java</file>
        </group>
    </open-files>
</project-private>
