<?xml version="1.0" encoding="UTF-8"?>
<project-private xmlns="http://www.netbeans.org/ns/project-private/1">
    <editor-bookmarks xmlns="http://www.netbeans.org/ns/editor-bookmarks/2" lastBookmarkId="0"/>
    <open-files xmlns="http://www.netbeans.org/ns/projectui-open-files/2">
        <group>
            <file>file:/C:/Users/mesa8/OneDrive/Documentos/NetBeansProjects/Figurasprimitvas/src/Figuras/Circulo.java</file>
            <file>file:/C:/Users/mesa8/OneDrive/Documentos/NetBeansProjects/Figurasprimitvas/src/Figuras/Interfaz2.java</file>
            <file>file:/C:/Users/mesa8/OneDrive/Documentos/NetBeansProjects/Figurasprimitvas/src/Figuras/Rombo.java</file>
            <file>file:/C:/Users/mesa8/OneDrive/Documentos/NetBeansProjects/Figurasprimitvas/src/Figuras/Cuadrado.java</file>
            <file>file:/C:/Users/mesa8/OneDrive/Documentos/NetBeansProjects/Figurasprimitvas/src/Figuras/Triangulo.java</file>
            <file>file:/C:/Users/mesa8/OneDrive/Documentos/NetBeansProjects/Figurasprimitvas/src/Figuras/Linea.java</file>
        </group>
    </open-files>
</project-private>
